S.no,District,petrol_pumps,dhabas_hotels,workshops
1,Nadia,Geeta Fuel Point Kalyani 7003192813,Panthika Hotel Kalyani More NH34 9609119742,Local Garage Kalyani More 3478867321
2,Nadia,Popular Fuel Pump Kalyani 9734817661,Maa Tara Hotel Chakdaha NH34 8438739963,Local Garage Birbhum More NH34 9830084642
3,Nadia,K D Rampogal Jaguli More NH34 9830834804,Maa Durga Hotel Bhadurgur Dubulia Nadia,Raj Motors Works Dubulia Nadia
4,Nadia,Maa Manasha Fuel Pump Kalyani More NH34 9732773554,Tara Maa Hotel Pranab Ghosh Hanskhali Road,KTN Auto Parts Krishnanagar Nadia
5,Nadia,Debdatta Service Station Birohi More NH34 7908134833,Kali Maa Hotel Birohi Ghosh Bhadurburi Nadia,Bengal Tyre Service Birohi Nadia
6,Nadia,Reliance Petrol Pump Birohi Chakdaha NH34 7908193826,Nichakal Hotel Birohi Bhadurburi Dubulia Nadia,Rousid Motors Nadia
7,Nadia,Sadananda Singh and Bros Chakdaha More NH34 9600111752,Ghosh Hotel P Santosh Ghosh Mayapur More Nadia,National Tyre Service Pvt Ltd NH34
8,Nadia,Nichakal Fuels Indian Oil Ramkrishna Roy 9430457500,Bholanath Dhaba Mayapur More Nadia,Salam Tyres MD Prabhatnagar Fulia Nadia
9,Nadia,Parbati Sankar Filling Station Dinabandhu Paul 9434199038,Golden Dhaba P Megha Ghosh Mayapur More Nadia,
10,Nadia,NB Petrol Service Bhatpara Highway Swapan K Bell 9434158693,Suri Maa Ghosh Hotel Dipankar Ghosh Haringhata Nadia,
11,Nadia,Biswas Oil Trading Indian Oil Mirjapur 6297481983,Hotel Ramnagar P Nirmal Saha Dubulia,
12,Nadia,Poraswach Chatterjee Bharat Petroleum 9735817290,Tara Maa Hotel Shambhu Sarkar Dubulia,
13,Nadia,Debnath Fuel Centre Debagram Nadia 9434825642,Swapna Roy Dhaba Haringhata Nadia,
14,Nadia,Kundu Fueling Station Indian Oil Sujit Kundu 9434054219,Hotel Bishnudev Bairagya,
15,Nadia,Jaganath Fuel Station Hundaymore Petrol Pump Debasree Saha 9732600722,New Apyan Hotel Jugger Bazar Nadia,
16,Nadia,SS Sayan Baba Service Station Rajesh Agarwal 9932979526,Maa Tara North Dhaba Haringhata Nadia,
17,Nadia,Maa Sarada Fuel Indian Oil Block C Chandraghata 9434159199,Highway Dhaba P Anupam Tiwary Panighata Nadia,
18,Nadia,Krishna Bhadra Reliance Krishna Bhadra 9434105424,Grand Restaurant P Anindul Haque Debagram Nadia,
19,Nadia,Auto Agro Filling Station IOC Srinath Paul 9434487261,Mridha Hotel Bethuadahari Nadia,
20,Nadia,S Garai Brothers IOCL Anath Bandhu Garai 9832309000,Sankar Hotel Bethuadahari Nadia,
21,Nadia,Basanti Burner Service Monoj Ghosh 9832055363,Ghosh Mahasay Hessel Bholadangga Nadia,
22,Nadia,Kamala Service Station Chittoj Gopal Pal 9433219793,Hotel Green Valley Gacha Nadia,
23,Nadia,Adwaita Auto Service IOC Ashim K Paul 7908641037,Hotel Honeymoon Mayapur Nadia,
24,Nadia,Ghosh Brothers Filling Station Ashok Ghosh 7010056927,Tara Maa Hotel Bishwajit Dey Nabadvip More,
25,Nadia,Paulson Highway Filling Station Bharat Petroleum Gunakar Paul 9933513050,Pantha Tirtha P Gandhi Kundu Krishnanagar Nadia,
26,Nadia,Maa Durga Fuel Station Bhabataru Bhawmick 8170031472,Hotel Kings & Sabita Sweets 8972555530 Krishnanagar,
27,Nadia,Auto Centre Filling Station Bharat Petroleum Ashok Kr Chakraborty 9051348398,Hotel Tarama 96909192 Fulia Nadia,
28,Nadia,Shyamal Fuels IOCL Tutu Roy 9734665810,Nava Hotel P Swapan 8167777711 Habibpur Nadia,
29,Nadia,Satya Filling Station Debnath 7478561119,Hotel Hawai 810914214 Habibpur,
30,Nadia,Sarkar Diesel IOCL Arindam Sarkar 9932743175 Badkulla,Bihari Dhaba P Ramaswar Malakar NH34,
31,Nadia,Geeta Fuel Point Kalyani 7003192813,Hotel Krishna Kanan Kalyani NH34,
32,Nadia,Popular Fuel Pump Kalyani 9734817661,Sankar Hotel Dipak Kar NH34 Krishnanagar,
33,Nadia,K D Rampogal Jaguli More NH34 9830834804,Ghosh Hotel P Ashok Ghosh Krishnanagar,
34,Nadia,Maa Manasha Fuel Pump Kalyani More NH34 9732773554,Hotel Hawai 810914214 Habibpur,
35,Nadia,Debdatta Service Station Birohi More NH34 7908134833,Bihari Dhaba P Ramaswar Malakar NH34,
36,Nadia,Reliance Petrol Pump Birohi Chakdaha NH34 7908193826,Hotel Krishna Kanan Kalyani NH34,
37,Nadia,Sadananda Singh and Bros Chakdaha More NH34 9600111752,Sankar Hotel Dipak Kar NH34 Krishnanagar,
38,Nadia,Ghosh Hotel P Ashok Ghosh Krishnanagar,,
1,Alipurduar,"R.G. Petrol Pump, Pro. Avik Paul, Nimti Chowpathi, Kalchini, Alipurduar, 9735055998","Sangma Dhaba, Jonathan Sangma, Garam basty, Damanpur, Alipurduar, 7679791750","Om Sai Service Centre & Car washing, Garam basty, Damanpur, Alipurduar, 8670815393, 9733173211"
2,Alipurduar,"Maa Krishna Service Station, Pro. Subrata Roy, Dakshin Satali, Alipurduar, 9800815464","Ratan Sarkar, Garam basty, Damanpur, Alipurduar, 6296951203","Barman Eng. Works, Sudhan Barman, Garam basty, Damanpur, Alipurduar, 9733166042"
3,Alipurduar,"Vishand Trading Company, Pro. Anita Gupta, Hasimara, Alipurduar, 9534045279","Basak Dhaba, Joshna Dhaba, Garam basty, Damanpur, Alipurduar, 7384976393","Azad Tyre, Anwar Hossain, Madarihat, Subhash Nagar, Alipurduar, 7779831952"
4,Alipurduar,"Madarihat Auto Service, Pro. Rakesh Kalyani, Madarihat, Alipurduar, 9733220350","Ganapati Dhaba, Naresh Brahma, Garam basty, Damanpur, Alipurduar, 7001600375","Rohit Garage, Sushil Roy, Ghoramara, Kumargram, Alipurduar, 7319597118"
5,Alipurduar,"NES Hasimara, Pro. Sudipta Haldar, Madarihat, Alipurduar, 8145791710","Rupan Dhar, Garam basty, Damanpur, Alipurduar, 7602249737","Dey Auto Mobile, Kishor Dey, Barobisha, Kumargram, Alipurduar, 9832579199"
6,Alipurduar,"Elite Service Station, Pro. Alok Kr. Barman, Khutimari, Alipurduar, 9475331329","Kaludaka Dhaba, Ghanabir Siwa, Garam basty, Damanpur, Alipurduar, 6296729469","Hind Tyre, Md. Haniul Haque, Nimti Chowpathi, Kalchini, Alipurduar, 9679499479"
7,Alipurduar,"R.G. Traders, Pro. Hrittik Pal, Tatpara, Samuktala, Alipurduar, 7797816612","Pradip Hotel, Anabala Sangma, Garam basty, Damanpur, Alipurduar, 8670752848",
8,Alipurduar,"M.S. Goutam Trading Agency, Pro. Bijon Krishna Goutam, Barobisha, Alipurduar, 9434604838","Moti Agarwal Dhaba, Nimti Chowpathi, Kalchini, Alipurduar, 7319097967",
9,Alipurduar,,"Maa Tara Dhaba, Jiban Ghosh, Nimti Chowpathi, Kalchini, Alipurduar, 9547902239",
10,Alipurduar,,"Nimti Dhaba, Sudhir Ch. Dey, Nimti Chowpathi, Kalchini, Alipurduar, 9733360525",
11,Alipurduar,,"New Saini Line Hotel, Ajandar Singh, Paschim Satali, Kalchini, Alipurduar, 9832055082",
12,Alipurduar,,"Laddu Hotel, Laddu Dutta, Hasimara, Alipurduar, 8637307610",
13,Alipurduar,,"Bajrang Dhaba, Sushil Kr Das, Madarihat, Subhash Nagar, Alipurduar, 8670723879",
14,Alipurduar,,"Jaldapara Green Inn Hotel & Lodging, Ranjit Saha, Madarihat, Alipurduar, 7430039471",
15,Alipurduar,,"Diya Hotel, Sikandar Mirza, Madarihat, Alipurduar, 9547475754",
16,Alipurduar,,"Sangma Dhaba, Babinder Mariya, Ethelbari, Alipurduar, 8167677109",
17,Alipurduar,,"Shmiti Priya Hotel, Pintu Ghosh, Kathaltala, Samuktala, Alipurduar, 7001627989",
1,Purulia,Shea Saran Lal Lilu B T Sarkar Rd Ph 9434001147,Samir Line Hotel Ph 9932874994,SK Karim Ph 8637377377
2,Purulia,S Das & Sons Ranchi Rd Ph 9832146822,Trioti Line Hotel Ph 9800334773,Khan Mistri Ph 9932731707
3,Purulia,Sankar Auto Service Manguriya Ph 8159032840,Rana Hotel Ph 8250673157,Sahadeb Garage Ph 9932959660
4,Purulia,Ram Bhagat Bhari Prasad Taxi Stand Ph 9332385109,Pushpa Hotel Ph 9064051759,Sarbari More Garage Ph 9851421785
5,Purulia,Jain Auto Mobile Taxi Stand Ph 9434013489,Puja Hotel Ph 9004088043,Kalu Garage Ph 8001720963
6,Purulia,Sunil Motors Dulmi Nadhya Ph 7001893571,Kunal Hotel Ph 9676598458,Maa Santoshi Garage Ph 9775700739
7,Purulia,Feel & Fill Petro Pvt Ltd Ludhurdha Ph 9434001147,Abhoy Hotel Ph 8972672896,Kismat Garage Ph 8972029766
8,Purulia,Ram Krishna Service Station Hura Ph 7076505556,Charra Line Hotel Ph 9564901169,Garage near Santi Tripti Hotel Ph 9635287703
9,Purulia,,Lmundi Pandey Hotel Ph 9800968450,
10,Purulia,,Ghonga Pandey Hotel Ph 9933520545,
11,Purulia,,Santi Tripti Hotel Ph 9644919131,
12,Purulia,,Gope Hotel Ph 8697092913,
13,Purulia,Ghoshal Auto Filling Block Danga Purulia Barakar Road Ph 7872581522,Laha Hotel Purulia Barakar Road Contact 8116077219,Dislab Repairing Centre Anara Ph 9732388254
14,Purulia,Mandal Auto Filling Raghunathpur Barakar Road 9434023701,Taj Hotel Purulia Barakar Road Contact 7908304429,Mahfuz Repairing Centre Purulia Barakar Road Contact 6296765276
15,Purulia,Everfine Auto Filling Sarbari More Neturia 8016707077,Ranjit Hotel & Dhabas Sarbari More Neturia Contact 9800272633,Mondal Mechanic Shop Raghunathpur Contact 9732252155
16,Purulia,Sarkel Petrol Pump Pahariagora Para 9547759891,Annapurna Hindu Hotel Jhapa More Contact 9800472048,Parbes Repairing Center Purulia Barakar Rd Contact 9046167487
17,Purulia,Narayan H P Petrol Pump Anara 9932319044,Banka Hindu Hotel Dubra Para,Ansari Machine Centre Dubra Para Contact 9082993338
18,Purulia,Pahariagora Petrol Pump Pahariagora Para 9547759891,Suraj Hotel Neturia Contact 9933483476,Firoj Repairing Centre Raghunathpur Barakar Contact 9947450866
19,Purulia,,,Kalim Garage Raghunathpur Purulia Rd Contact 9635895326
20,Purulia,,,SN Auto Anirban Gupta Purulia Barakar Rd Contact 8140503006
21,Purulia,,,Khan Garage Purulia Barakar Rd Contact 9932731707
1,Hooghly,"Renu Service Station at Basipur, Gurap, Hooghly, Mob-9143040928","Shiv Shankar Dhaba, Khaldhar, Gurap, Mob-7063301291","Tarak Nath Motor Garage at Sugandhya, Hooghly, Owner-Sri Biswajit Khan-7003756653"
2,Hooghly,"Rajhat Filling Station, Goyea Dadpur, Hooghly near Maheswarpur More, Owner-Pankaj Pandey-7699935184","Gitanjali Hotel, Gurap, Bhastara, NH2, Mob-9474123006","Lohapatti Garage, under Singur PS, near Ratanpur flyover"
3,Hooghly,"Jay Jagannath Petrol Pump, Baidyabati, Owner-Paritosh Ghosh-9831087503","Koilash Hotel, On 26 no route on NH-2, Mob-9932605526","Biswakarma Motor Garage, Sugandhya opposite Jaya Biscuit Company, Owner-Bhagaban Shaw-9131195964"
4,Hooghly,,"Rabi Baisali Hotel, Mob-7044159026",Garage beside Rabi Baisali Hotel on NH2 under Chanditala PS
5,Hooghly,,"Hotel Bajrangbali, opposite Nabanna under Singur",
6,Hooghly,,Hotel Hindustan under Gurap PS,
7,Hooghly,,"Shibam Dhaba, Baidyabati, Mob-9123626172",
8,Hooghly,"HP Luxmi Petrol Pump 522, Grand Trunk Rd, Mahesh Bose Para, Ph-03326623547","Laltu Dhaba, Durgapur Expy, Monoharpur, Dankuni, Mob-9903611771","Bhandari Automobiles Pvt Ltd, Serampore, Old Delhi Road, Bangihati More, Ph-03366137591"
9,Hooghly,"Indian Oil Petrol Pump Serampore, SH-2 Sreerampore, West Bengal 712203","Punjabi Brother's Dhaba, Delhi Road, Belanagar, Dankuni, Ph-9088844412","Bapuli & Pupuli Mazumdar, 176 GT Road, Sheoraphuli, Hooghly, Ph-9152688209"
10,Hooghly,"Indian Oil Petrol Pump Grand Trunk Rd, Barabagan, Serampore","Malwa Hotel, Durgapur Expy, Dankuni, Ph-8100005320","Gautam Maruti Service Station, Hindmotor, Bhadrakali, Hooghly, Ph-9152950020"
11,Hooghly,"Bharat Petroleum Petrol Pump - B Dey (I) Pvt Ltd, Grand Trunk Rd Serampore","Ludhiana Dhaba, NH2 Old Delhi Road, Dankuni, Ph-9163355787","Rajib Car Service, Musalman Para Lane Serampore, Ph-9477090238"
12,Hooghly,"Bharat Petroleum Petrol Pump - Mukherjee S/S, 224/A Grand Trunk Rd","Sai Baba Hotel, Jagannathpur NH2 Dankuni, Ph-9051899852","Raychowdhury Enterprise, RBC St Serampore, Ph-9836610039"
13,Hooghly,"Banik Filling Station, NH2 Bypass Rajyadharpur Serampore, Ph-9830442456","NH2 Food Junction, TN Mukherjee Road Dankuni, Ph-9437140779","Maruti Suzuki Service Center Serampore, Dakshin Rajyadharpur, Ph-8479881992"
14,Hooghly,"HP Petrol Pump, Ph-9830086064","Samrat Hotel & Restaurant, NS Avenue Serampore, Ph-03326620896","Prakash Motor Works, Castrol Car Care Old GT Road Konnagar, Ph-9836772311"
15,Hooghly,"Castrol Point Petrol Pump, 532A Grand Trunk Rd, Ph-03326524567","Ashirbad Hotel Bangihati Village Rishra, Ph-8013545612","Ghosh Enterprise, Dr Chatterjee Lane Serampore, Ph-9830121732"
16,Hooghly,Bharat Petroleum Petrol Pump Mishra Bros Sheoraphuli GT Road,"Aman Dhaba Mullick Para Serampore, Ph-7576823239","Joy Tara Auto Repair South Rajyadhar Cur West Serampore, Ph-9331021076"
17,Hooghly,"Dankuni Super Service Station Petrol Pump State Highway 13 Dankuni, Ph-9831194582","Amaldar Hotel GT Road Belting Bazar Serampore, Ph-9051200916","Ghosh Automobile Sheoraphuli GT Road, Ph-9874726363"
18,Hooghly,"HP Petrol Pump Durgapur Express Road Dankuni, Ph-8017702622","Dada Bhai Hotel GT Road Sheoraphuli Baidyabati, Ph-8420314936","Das Garage Sheoraphuli GT Road, Ph-9088250132"
19,Hooghly,HP Petrol Pump Dakha Service Station PO Dankuni,"Nabanna Hotel & Restaurant NS Avenue Serampore, Ph-8240100019","TATA Motors Commercial Vehicles Workshop Baidyabati NH2 Delhi Road, Ph-9836496961"
20,Hooghly,"Chaurasia Service Station Old NH2 Delhi Road Dankuni, Ph-9434061472","Hotel Golden Inn Dankuni Coal Complex near Toll Plaza, Ph-7044680948","SK Automobiles Delhi Road Hooghly, Ph-9903095805"
21,Hooghly,Dhaka Service Centre Dankuni Maitypara Ph-03326595388,Chandni Hotel Dankuni Maitypara Ph-7547961392,Seraj Ahamed Dankuni Maitypara Ph-807670659
22,Hooghly,Kalipada Service Centre Dankuni Joykrishnapur Ph-9433056575,Bimal Mondal Hotel Dankuni Maitypara Ph-8335918775,
23,Hooghly,Prafulla Service Centre Teliamore Ph-9836781466,Baishali Hotel Dankuni Joykrishnapur Ph-7046159026,
24,Hooghly,Your Choice Ajabnagar Ph-9433093974,Shree Guru Hindu Hotel Dankuni Joykrishnapur Ph-9831163275,
25,Hooghly,Maa Annapurna Parul Arambagh Hooghly Ph-9083555850,Sri Hari Hotel Mayapur Hooghly Ph-8348100354,Tyre Repair Shop Juman Ansari Arambagh Hooghly Ph-9641038399
26,Hooghly,Samanta Brothers Arambagh Hooghly Ph-9933403092,Rajput Dhaba Goghat Beli Ph-9735493279,Motor Mechanic Electrical Koushik Parui Arambagh Hooghly Ph-9734203189
27,Hooghly,BP Pump Goghat Beli Ph-6289010937,Janapriya Hindu Hotel Kamarpukur Ph-9732583696,Motor Mechanic Mechanical Tapan Jana Arambagh Hooghly Ph-9932250561
28,Hooghly,Indian Oil Pump Chandipur Bengai Ph-9474501151,Kamarpukur Dhaba Kamarpukur Ph-8145585058,Motor Mechanic Mechanical Anuo Karamakar Arambagh Hooghly Ph-9933648202
29,Hooghly,BP Pump Chandipur Bengai Ph-9932879407,Raina Hindu Hotel Adambera Ph-8670504839,TATA Motors Kalipur Arambagh Auto Ph-9434563628
30,Hooghly,HP Pump Khatul Ph-8902797236,Chandni Hindu Hotel Bokultola Goghat Ph-9733053960,Tarama Engg Works Kamarpukur Ph-9733625644
31,Hooghly,BP Pump Kamarpukur Ph-9732526117,Titu Motor Garage Kantai Ph-9735258842,
32,Hooghly,HP Pump Kantai Ph-9933442081,M&M Tractor Rudra Automobile Balibela Ph-9732111166,
33,Hooghly,Indian Oil Kantai Ph-9732296146,,
34,Hooghly,BP Pump Ullaspur Ph-9064467063,,
1,Malda,"Reliance Petro Marketing Pvt Ltd, Pandua","Pardesi Dhaba, Narayanpur, 8617033606","Mantu Automobile, Krishnakalita, 8145669744"
2,Malda,"M/S Bengal Oil Company, Narayanpur","Teesta Dhaba, Rangabhita, 9932672145","Md Anowar Garage, 9474081264"
3,Malda,M/S Utpal Roy Choudhury Gour Bangla,"Lakshmi Hotel, Lakshmipur, 9851545834","Arfan Garage, Kaliachak, 9733385639"
4,Malda,"Paul Brothers, Rathbari, NH34","Pathasathi, Narayanpur, Old Malda, 8918729094","Monalisa Automobile, Gazole, 9732676201"
5,Malda,"Kaliachak Petro Mart, Sultanganj","Master Dhaba, Pandua, 9547380101","M/S Babu, Narayanpur, 9933640699"
6,Malda,"Jhabarmal Mussadi, Mangalbari",,
7,Malda,"M.S Hemraj Ramgopal, Rangavita",,
8,Malda,"COCO Swagat Indian Oil, Kaluadighi, Narayanpur",,
9,Malda,"M/S Gour Fuel Services Station, Gour Bangla",,
10,Malda,"M.S Jysona Kisan Seva Kendra, Gopalganj",,
11,Malda,"M.S Azam Kishan Seva Kendra, Jalapur, Chanchol",,
12,Malda,"M.S Seth Brothers, Adina, Shibari Nagar",,
13,Malda,"M.S SK Paul, Uttar Jadupur",,
1,Howrah,Sen Service Station 9007968248,Grewal Dhaba Foreshore Road,Howrah Orient Motor Kalipara
2,Howrah,Seem Service Station 9830042235,Punjabi Dhaba Andul Road (Gesk Gate),Shalimar Motor Parts Podra on Andul Road
3,Howrah,Sankar Service Station 9831499780,Krishna Hotel Churanhati Andul Road,Raj Motor Foreshore Road
4,Howrah,Madan Service Station 9836686000,Ludhiana Dhaba Ankurhati,Salma Motor Betaitala Phari
5,Howrah,Howrah Motor & Electric Co 9831148153,Hindusthan Hotel Alampur,Ganpati Motor 24 Banebari Bose Road
6,Howrah,Makin Brothers,Chidangar Dhaba Kona,Lala Motor Das Nagar Shampur
7,Howrah,Kanak Service Station 9830194808,Maa Kali Hotel Kona,Rakesh Motor Near Nabanna Bus Stand
8,Howrah,Shroff Brothers 9231551093,Bora Dhaba Alampur,Modi Tyre Betaitala Phari
9,Howrah,Pratap Service Station 9839710771,Hotel Balaram Alampur,Rahamat Repairing Center Betaitala Phari
10,Howrah,Grewal Service Station 9830027222,Moonlight Alampur,RK Motor Parts Alampur
11,Howrah,Sakti Service Station 9830252780,,
12,Howrah,Standard Auto Service 9831148153,,
13,Howrah,Viluar Service Station 9831431090,,
14,Howrah,Beoli Service Station 9830052015,,
15,Howrah,Mishra Service Station,,
16,Howrah,Mathuria Service Station 9831627765,,
17,Howrah,Akash Moni Service Station 9830028954,,
18,Howrah,Karunamoyee Service Station,,
19,Howrah,Sombhunath Service Station 9477656184,,
20,Howrah,Haripada Service Station 9433083476,,
21,Howrah,Harisadan Service Station 9830078437,,
22,Howrah,Anil Service Station 9830078437,,
23,Howrah,Aparna Energy Station 9836213821,,
24,Howrah,Bakultola Motor Stores 9831148153,,
25,Howrah,Panchpara Service Station 9830176605,,
26,Howrah,Arun Service Station 9830078437,,
27,Howrah,Debi Service Station 9836479277,,
28,Howrah,Lakshmi Service Station,,
29,Howrah,Manada Service Station,,
30,Howrah,Manu Filling Centre 7278361691,,
31,Howrah,K C Dey & Brothers 9433167126,,
1,Murshidabad,May Filling Station Khargram 9432139097,Purba Dhalpara Dhaba 6295599095,New Star Service Centre 7001580023
2,Murshidabad,MD Ghosh Filling Station Farakka 9434124831,Hotel Bahadur Safdar 9434320717,Shree Automobile Pvt Ltd NH34 Sargachi
3,Murshidabad,Aruna Filling Station Beldanga 9475056866,Hotel Rang Sagar 9332330630,SM Motors Sargachi
4,Murshidabad,IOC Pump Sargachi 9474570055,Hotel Nizam 9772779155,Vinayak Automobile Behrampore
5,Murshidabad,BP Petrol Pump Murshidabad 8010812930,Babul Hotel Farakka 9738014510,Ashok Leyland Workshop Motors Works
6,Murshidabad,Indian Oil Station Farakka 9434781557,Puraj Mandi Sargachi 8967140960,SK Motors Lalgola
7,Murshidabad,Shakti Service Station Murshidabad 9434000901,Murshidabad Dhaba Samserganj,
8,Murshidabad,Arjun Kumar Filling Station Hosnabad 9434151666,Milan Dhaba Raninagar 9932156306,
9,Murshidabad,Serampore Fuel Service Farakka 7519696788,BCD Dhaba Morgram,
10,Murshidabad,Ali Shah Filling Station Farakka 9434158686,Hotel Ajoyn Farakka 8016800144,
11,Murshidabad,MS Anil Filling Station Farakka 8617643611,,
12,Murshidabad,Maa Laxmi Filling Station Sagar 9931209635,,
13,Murshidabad,Choudhury Brothers Ghorala NH34 9830223648,,
14,Murshidabad,Nandalal Sarkar Chaksapur 9832135612,,
15,Murshidabad,MJ Murshidabad Sewa Reliance Pump 9547479777,,
16,Murshidabad,BP Morgram Petrol Pump 8011813290,,
17,Murshidabad,Faria Filling Station Farakka 8611564005,,
18,Murshidabad,Handpur Fuel Pump Samsherganj 9773556789,,
19,Murshidabad,Annapurna Fuel Station Azimganj 7874211206,,
20,Murshidabad,Gouranga Fuel House Raghunathganj 9832112455,,
21,Murshidabad,Taramore Filling Centre Raghunathganj 9637095065,,
22,Murshidabad,Chowringhee Filling Station Jiaganj 9434514166,,
23,Murshidabad,Gouri Sankar Filling Station Domkal 9434186010,,
24,Murshidabad,Sutirtha Filling Station Suti 8926139785,,
25,Murshidabad,Platinum Fuel Pump Farakka 7731995885,,
26,Murshidabad,Ashutosh Service Station Jalangi 9635143885,,
27,Murshidabad,Aganmala Service Station Murshidabad 9931874044,,
28,Murshidabad,Brothers Farakka Filling Station 9475251754,,
29,Murshidabad,Satish Laxmi Filling Station Lalbagh 7001720355,,
30,Murshidabad,Utpalika Filling Station Jiaganj 9600917259,,
31,Murshidabad,D B S Filling Station Jangipur 9434025925,,
32,Murshidabad,Kedia Filling Station Lalgola 9434082164,,
33,Murshidabad,Mayureshwar Service Station Lalgola,,
34,Murshidabad,Nandalal Shankarlal Chakhaspur Dhuliyan 9475352005,,
35,Murshidabad,Saraju Filling Station Kandi 9434037218,,
36,Murshidabad,Bhandary Brothers Jangipur 9434003521,,
37,Murshidabad,Das Highway Service Jalangi 9733986128,,
38,Murshidabad,MS Mira Biri Filling Station Jangipur 8617643611,,
39,Murshidabad,Mahabani Filling Station Sagardighi 9432093509,,
40,Murshidabad,S Jalaluddin Biswas Reliance Pump Akura Samserganj,,
41,Murshidabad,Suresh Service Station Dhapnagar Morgram 9434173856,,
42,Murshidabad,Chatterjee Highway Filling Station Baduria Para 9732825560,,
43,Murshidabad,Maa Usha Filling Station Raghunathganj 9434745952,,
44,Murshidabad,Nayantara Service Station Gorabari Nabagram 9434001974,,
45,Murshidabad,Niranjan Highway Service Nabagram 9434223366,,
46,Murshidabad,Gousia Motor Co Farakka 9635713255,,
47,Murshidabad,Dhananjoy Lair Domkal 9434024811,,
48,Murshidabad,Kajal Service Station Saktinagar 9732637807,,
49,Murshidabad,Gita Service Station Kandi 9474229735,,
50,Murshidabad,Sagaridighi Auto Fuel Sagardighi 9475678942,,
51,Murshidabad,Sabekisan Saba Center Sherpur 9434585937,,
52,Murshidabad,Sahana Fuels Kandua Farakka 9932982007,,
53,Murshidabad,MS Kishan Filling Station Bhaburpur 9434877419,,
54,Murshidabad,Kalyani Filling Station Agradwip 9432386668,,
55,Murshidabad,Hawa Filling Station Ghazi 9732345485,,
56,Murshidabad,NBC Petrol Pump Jalangi 8926366629,,
57,Murshidabad,Afiya Filling Station Azimganj 9732524136,,
1,Dakshin Dinajpur,"Hemraj Ramgopal, Hili More, Balurghat, 9434055359","Patha Sathi, Patiram Thinkona More, Balurghat","PK Automobiles, Khanpur, 9733341570"
2,Dakshin Dinajpur,"Reliance Pump, Bagicha Para, 8670465916","Nirmala Hotel, Trimohini, Hili, 8609937549","Kundu Engineering Works, Hossenpur, Balurghat, 9851786284"
3,Dakshin Dinajpur,"Dakshin Dinajpur Fuels, Patiram, Balurghat, 9647561502","Deep Hotel, Baul, Bolla, 9933481097","Kar Automobiles, Raghunathpur, 89063134143"
4,Dakshin Dinajpur,,,"Laxmi Engineering Works, Hossenpur, 9735012385"
1,Birbhum,Sani Service Station Plot No 5/5 1419 18 & 21 Lno Mouza Tilpara PS Suri Mob 9434006220,Chhittu Restaurant Opposite Sani Service Station Tilpara Birbhum,
2,Birbhum,Sagnik Highway Service Murormath PO Panuria PS Suri Dist Birbhum West Bengal Mob 8159844300,,
3,Birbhum,Jas Filling Station NH60 Suri Bye Pass Abadurpur Suri Dist Birbhum WB RTKM 148 Lock No11008 Mob 9434029239,,
4,Birbhum,Durga Devi Filling Station Kachubure PO Mohona Dist Birbhum West Bengal RTKM132 Lock No21006 Mob 8927153210,,
5,Birbhum,Reliance Petroleum Khairakuri Md Bazar Birbhum 731227 Mob 9472656129,,
6,Birbhum,Tibrewala Service Station Netaji Subhas Road Suri Birbhum 731101 Mob 9434019150,,
7,Birbhum,Maa Kamala Filling Station Power House Suri Road Dubrajpur Birbhum 731123 Mob 9474611037,,
8,Birbhum,Mayurakshi Filling Station Satkenduri Hetampur Rajbati Birbhum 731123 Mob 03462 206774,,
9,Birbhum,Jay Ram Filling Station Suri Bye Pass NH60 Suri Birbhum,,
10,Birbhum,IOC Petrol Pump After Deucha Bridge Towards Rampurhat NH60 Md Bazar Birbhum,,
11,Birbhum,BPC Petrol Pump Md Bazar Sainthia Road Birbhum,,
12,Birbhum,IOC Petrol Pump Sainthia Kotaspur Main Road Kotaspur Birbhum,,
13,Birbhum,Ahmedpur Petrol Pump Near Ahmedpur BDO Office Birbhum,,
14,Birbhum,HP Petrol Pump Dubrajpur Panchra Road Birbhum,,
15,Birbhum,Joy Durga Filling Station Opp Bolpur Municipal Bus Stand Bolpur Birbhum 731204 Mob 9736006380,,
16,Birbhum,Bholanath Filling Station Suri Futishanko PO Daskalgram District Birbhum 731127 Mob 9434434345,,
17,Birbhum,Joydeb Padmavati Service Station Joydeb More Dubrajpur Road Birbhum 731124 Mob 9732102611,,
18,Birbhum,Fullara Filling Station Labpur Birbhum 731303,,
19,Birbhum,Saha Filling Station Illambazar Birbhum 731214 Mob 9932620781,Radhesyam Mandal Dhabas Illambazar Near Toll Tax 9474404988,Calcutta Motors Illambazar Near Toll Tax 8642066927
20,Birbhum,Reliance Filling Station Rampurhat Munsuba,Sree Dhaba Mallarpur,Bonhati Service Center Rampurhat
21,Birbhum,Maruti Automobiles Nalhati Birbhum 9434740825 9474301314,Milan Paribahan Hotel 9153588986,Tata Service Centre Rampurhat
22,Birbhum,Indian Oil Petrol Pump IC Building Infront of Kishan Mandi Nalhati,Raja Paribahan Hotel NH60 Rampurhat,Samir Auto Works Sanghatamore
23,Birbhum,Gouri Auto Centre Gopalpur Nalhati Birbhum 9434028107 8764868910,Atithi Restaurant Rampurhat 9153663629,Hira Auto Works Batial Rampurhat
24,Birbhum,Indian Oil Filling Station Lohapur Nalhati,Madhu Mamata Hotel Tarapith,Mahindra Service Center Chakpara
25,Birbhum,Indian Oil Filling Station Moholla Rail Gate,Laltu Hotel Munsuba Rampurhat,Baromesya Service Center Surichua Border
26,Birbhum,Tarafit Filling Station Tarapith Birbhum 9748730903,Hindu Hotel Nalhati,
27,Birbhum,COCO Rampurhat Indian Oil Corporation Ltd Vill Po Barshal Rampurhat Birbhum,Janata Hotel Murarai,
1,Purba Medinipur,Shree Krishna Filling Station NH116B Thakurnagar 9730957081,Punaji Dhaba Babalichak 8967792958,Biswakarma Auto Care Balisai Tamralip Cont 9002768000
2,Purba Medinipur,Kalinga Auto Service Station NH116B Kolaghat 9434008113,Hotel Highway Kasupara NH41 9933808864,Mahindra Star India Agencies Haldiya Purba Medinipur 9731253008
3,Purba Medinipur,Hera Fuel NH116B Durgapur 9472006735,Jony Hotel Near Nandakumar 8583961409,Prerna Motors Mahalia Tamralip Cont 9436563222
4,Purba Medinipur,Bhagwati Machine SKUS Fuel Pump NH116B Contai Bypass 9327629657,Sundry Restaurant Kasupara NH41 9732193097,Amanat Auto Care NH6 Radharam Purba Medinipur 9002368907
5,Purba Medinipur,Contai Fuel NH116B Contai Bypass 9731505944,Hotel Sunday Kasupara NH41 9738097765,Satyam Auto Electric Barahaiya Kolaghat Purba Medinipur
6,Purba Medinipur,Contai Oil Station NH116B Contai Central Bus Stand 9932741736,Royal Dhaba Babalichak 9732506572,Ramananda Body Garage Mahalia Purba Medinipur
7,Purba Medinipur,MS Debu Petrol Pump NH116B Contai 9432139785,Shree Radha Hotel Near Nandakumar Contai 9153357990,Manna Garage Kolaghat NH41 Purba Medinipur
8,Purba Medinipur,Prince Fuel Centre Digha Orissa Border 9733458000,Express Food Plaza NH41 Kolaghat Purba Medinipur 7407744462,Munir Rahaman Garage NH41 Ramnagar Tamralip Purba Medinipur 9002713455
9,Purba Medinipur,Civic House Nandakumar Contai 9434516500,Driver Inn Restaurant NH41 Kolaghat Purba Medinipur 8370951071,
10,Purba Medinipur,Maa Annapurna Automobile NH116B Nandakumar 9734386454,Shri Bishnu Hotel & Restaurant NH41 Panisra Purba Medinipur,
11,Purba Medinipur,New Tituman Hotel Contai Rupnarayan Bypass 8001754033,Satyamayan Restaurant Panisra Purba Medinipur,
12,Purba Medinipur,Sandhya Resort Contai Rupnarayan Bypass NH41,SN Hotel Panisra Purba Medinipur 9931508609,
13,Purba Medinipur,Manu Hotel Padmapukur Contai,Sandipa Hotel NH41 Kolaghat Purba Medinipur 9802833511,
14,Purba Medinipur,KEPS Restaurant Central Bus Stand Contai,DPUR Hotel NH41 Tamralip Purba Medinipur 9733603642,
15,Purba Medinipur,Nikita Restaurant Central Bus Stand Contai,Sathi Hotel NH41 Purba Medinipur Contai 7047272777,
16,Purba Medinipur,Haldia Traders Company NH41 Haldia Dock Purba Medinipur 9862477131,Shree Bengal Restaurant NH41 Kolaghat Purba Medinipur 9002196937,
17,Purba Medinipur,Indian Oil Petrol Pump Ramnagar Nandakumar Purba Medinipur 9434369085,Star India NH41 Ramnagar Purba Medinipur 9153503099,
18,Purba Medinipur,Maa Basantamma Filling Station Haldia Dock Purba Medinipur,Hotel Royal Landmark NH41 Kolaghat Purba Medinipur 9987930426,
19,Purba Medinipur,Satyamayan Service Station Kolaghat Purba Medinipur 0322825681,,
20,Purba Medinipur,Gitanjali Filling Station Nandakumar Dock Kolaghat Purba Medinipur 9474759297,,
21,Purba Medinipur,Bhowmik Krishi Seva Kendra Dhankhal Panchkura Tamralip Purba Medinipur 9083505858,,
22,Purba Medinipur,Tara Maa Fuel Station Mahisadal Haldia Road Purba Medinipur 9434386184,,
23,Purba Medinipur,Bharat Petroleum Petrol Pump Naupala Mecheda Tamralip Purba Medinipur 8672174121,,
24,Purba Medinipur,Emergency Fuel Station Ayapara Mecheda Purba Medinipur 8672134214,,
25,Purba Medinipur,Nandakumar IOC Petrol Pump Mahisadal Mecheda Purba Medinipur 9732427610,,
26,Purba Medinipur,Indian Oil Petrol Pump Near Mahisadal Tamralip Mecheda Purba Medinipur 7002157043,,
27,Purba Medinipur,Potara Filling Point Jagannathpur Mahisadal Purba Medinipur,,
28,Purba Medinipur,,,
29,Purba Medinipur,,,
1,Jhargram,"Guin Brothers, Lodhasuli, Jhargram, 721513, 8001200461","Dhaba (Shibu Mondal), Binpur, 9547698947","Nabo Garage, Old Jhargram, Opposite Ramkrishna Sarada Vidyapith, 721507, 9932378245"
2,Jhargram,"Golden Choice, NH-6, Barkala, Jugdiha, Jhargram, 9903403015","Golden Dhaba, Jamboni, 9002406500","Tinku Garage, Raghunathpur, Jhargram, 721507, 9932364211"
3,Jhargram,"Saren Petro Care Centre, Jamda, Jhargram, 721507, (03221)259880","751 No. Hotel, Jamboni, 9635541715","Sau Garage, Raghunathpur, Jhargram, 721507, 8972655657"
4,Jhargram,"Chandan Filling Station, Gojasimul, Jhargram, 721513, (03221)262220","Mama Hotel, Gojasimul, 9083577511","G. S. Automobiles, Central Bus Stand, Jhargram, 721507, 9932826382"
5,Jhargram,"HP Petrol Pump – Lodhasuli Point, Lodhasuli, Jhargram, 721513, 9434320036","Sriman Hotel, Balibhasa, 9434230957","Ignited Filling & Service Centre Pvt. Ltd., TATA Motors Authorized Service Centre for LCV, Old Jhargram, 721507, 8597174667"
6,Jhargram,"Khatua Filling Station, Baligeria, Kultikri, Sankrail, Jhargram, 9437038754","Garma Garam Dhaba, Gopiballavpur, 9002173771 / 9932541101","Bhandari Automobiles Pvt. Ltd., Maruti Authorized Service Centre, Raj Palace Road, Old Jhargram, 9933583519"
7,Jhargram,"Deb & Son's, Old Jhargram, Jhargram, 721507, 9800165510","New Ma Kali Hotel, Gojasimul, 9933925850","Gopal Pal Garage, Balibhasa, 9775501400"
8,Jhargram,"Ramavatar Brothers, Nutandihi, Jhargram, 721507, 9847719767","Kali Mistri (Tyre Repairing), Gojasimul, 8967736134",
9,Jhargram,"Purnima Filling Station, Kanimohuli, Silda, Jhargram, 9330095790",,"Chowdhury Garage, Binpur, 9734818011"
10,Jhargram,"Niharika Kishan Pariseva, Nayabasan, Gopiballavpur, Jhargram, 9679930779",,"Sk. Sakil Ali, Jamboni, 9002597479"
11,Jhargram,"Pramila Filling Station, Jamda, Jhargram, 721507, 9434691529",,"Ghosh Motor Repairing Centre, Gopiballavpur, 9932708391"
12,Jhargram,"Suraj Service Station, Balibhasa, Jhargram, 721513, 9434544167",,
1,Paschim Burdwan,H.P Petroleum Pump (4 Point) Pother Sathi Service Station (Salanpur) Mob-9732153367,Maa Anjali Hotel (Sudli More),Devi Maa Auto Service Centre (Siduli More) Mob-91537407
2,Paschim Burdwan,Balia Pancham Auto Services (Bharat Petroleum) Mob-7063435251,Arapandip Hotel (NH-2 Siduli More) Mob-9002266058,"Maruti Suzuki Service Station (4 Point L.K Motor) Mob-8436001827, 9091392314"
3,Paschim Burdwan,Westren Motor H.P Petrol Pump (Jubli More),Hotel Pet Puja (Rampur),M.J Movers (4 Point) Mob-91639519
4,Paschim Burdwan,Energy Fuel Station (Indian Oil) Mob-8001174742,Maa Annapurna Hotel (Rampur) Mob-9153822917,Shibnath Auto Services (Kalla More) Mob-9832206689
5,Paschim Burdwan,Damodar Auto (Ningha More) Mob-9475839993,Goldi Dhaba (Jubli More) Mob-8391071827,Sri Ram Motor (Asansol)
6,Paschim Burdwan,Probet Patrol Pump (Punjabi More) Mob-9434008328,Laxmi Dhaba (Baki Danga) Mob-9382577538,"Moti Auto Repairing Shop, Faridpur, Durgapur Mob-9647631096"
7,Paschim Burdwan,Jublee Petrol Pump (Jublee More) Mob-7781882128,Roti Dhaba (Baki Danga),"Nasim Auto Repairing Shop, Faridpur, Durgapur Mob-9593664510"
8,Paschim Burdwan,Pathsaria Petrol Pump (NH-2 Satgram) Mob-9832210523,Shibam Hotel (Baki Danga),"Munna Auto Repairing Centre, Kajora More, Andal Mob-9563786746"
9,Paschim Burdwan,"M.T Automobile Pump, Gandhi More, Durgapur (0343-2545411)",Jalwal Dhaba (Baki Danga) Mob-9547730604,"Friends Automart, NH-1 More, G.T Road, Muchipara, Durgapur Mob-8617367491"
10,Paschim Burdwan,"Saikat Automobile Pump, Near Andal Airport, Gopalmath Mob-9434750244",Hotel Utsav Inn (NH-2 DVC More) Mob-9434389317,
11,Paschim Burdwan,"Harekrishna Petrol Pump, I.O.C Andal Mob-8250359576",Palwan Hotel (J K Nagar) Mob-9547842235,
12,Paschim Burdwan,"Raja Petrol Pump, Gandhi More, Durgapur Mob-9434238057","Mistru Restaurant, Gopalmath, Durgapur Mob-8373078229",
13,Paschim Burdwan,"Sree Hari Petrol Pump, Indo American More, Durgapur Mob-9382232190","Maa Laxmi Yadav Hotel, Kajora More, Andal Mob-9332329311, 8514019231",
14,Paschim Burdwan,"Gorai Fuel Centre, Banskopa More near Toll Plaza Mob-6294288165","Sonu Pahari (Dadu) Hotel, ABL More, Durgapur Mob-8637508934",
15,Paschim Burdwan,"M.T Automobile Pump, Coke Oven, Gandhi More, Durgapur (0343-2545411)",Samthol Bishnoi Hotel,
16,Paschim Burdwan,"Saikat Automobile Pump (HP), Near Andal Airport, Gopalmath Mob-9434750244","Rajasthan Hotel, Rajbandh, Durgapur Mob-6394197264",
17,Paschim Burdwan,"Harekrishna Petrol Pump (IOC), Andal Mob-8250359576","K.K Punjabi Dhaba, Kotu More, Panagarh Mob-9002714200",
18,Paschim Burdwan,"Sree Hari Pump, Indo American More Mob-9382232190",Mistra Restaurant Mob-8373078229,"Tyre Repairing Shop, Gandhi More Mob-8609292249"
19,Paschim Burdwan,"Gorai Fuel Centre near Toll Tax, Banskopa Mob-6294288165","Maa Laxmi Yadav Hotel, Kajora Mob-9332329311, 8514019231","Nasim Auto Repairing, Faridpur Mob-9593664510"
20,Paschim Burdwan,"R.K Pump, Darjeeling More Mob-8609811038","Sonu Pahari Hotel, Indo American More Mob-8637508934","Moti Auto Repairing, Faridpur Mob-9647631096"
21,Paschim Burdwan,"Raja Petrol Pump, Gandhi More Mob-9434238057",Samthal Bishnoi Hotel (Rajasthan Hotel) Rajbandh Mob-6394197264,"Tanu Automobiles, Faridpur Mob-9434132702"
22,Paschim Burdwan,"AMPM Pump, Domra near 4th Mile Mob-9434010551","K.K Punjabi Dhaba, Kotu More (Panagarh) Mob-9002714200","Munna Auto Repairing, Kajora Mob-9563786746"
23,Paschim Burdwan,"Balaji Pump, Domra near 4th Mile Mob-7903637030","Ghosh Dhaba, Trilokchandrapur near Guha Service Station (Indian Oil Pump) Mob-9933421104",
24,Paschim Burdwan,"Guha Pump, Trilokchandrapur Mob-9433201363","Raja Dhaba, Piyariganj, Panagarh Morgram Highway Mob-8348369832",
25,Paschim Burdwan,,"Sundaram Dhaba, Dangal Panagarh State Highway Mob-7718287487",
26,Paschim Burdwan,,"Hotel Paramita, Dangal Basudha Panagarh State Highway",
1,Darjeeling,"Maheswari Auto Service, Lebong Cart Rd, 2253239","Kurseong Tourist Lodge, 03542345608","Rangeet Auto Service, HC Rd, 9832068361"
2,Darjeeling,"Ganeshilal & Sons, Lochnagar Rd, 9932039582","Santa Banta Dhaba, Batasia Loop, West Point, 9593300477","Beekay Auto Service, HC Rd, 03532777263"
3,Darjeeling,"Sailung Auto Service, 13/A Hill Cart Rd, Batasia, Ghum, 9832041130","Shimla Restaurant, Goenka Rd, 9233827030",
4,Darjeeling,"RN Agarwal & Sons, HC Rd, Dali, 9434048886","Glenarys Restaurant, Nehru Rd, 9234517819",
5,Darjeeling,"NC Prem Kumar & Sons, 799 HC Rd, 9434060183",,
6,Darjeeling,"Goenka Petrol Pump, Goenka Rd, 9593979992",,
7,Darjeeling,"Plain View Auto Service, HC Rd, Kurseong, 9832338137",,
8,Darjeeling,"Shaktidevi Enterprise, Pulbazar, Bijanbari, 983254497",,
9,Darjeeling,"Mahalui Auto Service, Mirik, 9641428664",,
10,Darjeeling,"Hill View Auto Service, HC Rd, Sonada, 9434048886",,
11,Darjeeling,"COCO Matigara (Indian Oil), 03532571591","Jaiswal Line Hotel, Matigara, 8250215138","Akram Automobiles, Matigara, 7908432425"
12,Darjeeling,"Aradhya Service Station (Bharat Petroleum), Matigara, 8918123225","Nitai Hotel & Restaurant, Goshpukur","Gupta Motors, Khaprail, 9832479215"
13,Darjeeling,"Fuel Center (Indian Oil), Matigara, 7432079019 / 9434889827","Gourango Shil, Goshpukur Main Road, Moilani Jote, 8945972827","Mandal Garage, Matigara, 9832536574"
14,Darjeeling,"Pioneer Auto Service (Indian Oil), Upper Bagdogra, 7699004044","Modak Hotel, Goshpukur Main Road, 9434377569","Swapan & Sagar Garage, Naxalbari, 7031369061"
15,Darjeeling,"Bagdogra Auto Supply, Upper Bagdogra, 7001155219","Babu Hotel, Goshpukur Main Road, 9775819592","Birbal Garage, Bidhan Nagar, 9002893264"
16,Darjeeling,"Naxalbari Service Station (24x7), Naxalbari, 03532488130","Jagadamba Line Hotel, Goshpukur Main Road","Maa Kali Garage, Bidhan Nagar, 8250312981"
17,Darjeeling,"Ma Durga Fuel Service, Goshpukur, 9932003163","Ekka Hotel, Goshpukur Main Road, 9932214281","Amar Garage, Eastern Bypass Dabgram, Sahudangi, 9434222584"
18,Darjeeling,"Maa Parbati Fuels, Goshpukur Main Road, 9002582488","Guruji Dhaba, Goshpukur Main Road (Near Toll), 9851687699","Sona Wheels Pvt Ltd, Sevoke Road, Near Vega Mall, 7067321611"
19,Darjeeling,"Bidhan's Petrol Pump, Bidhan Nagar, 9851502596","825, Bidhan Nagar, 9800387889","Sevoke Motors, Sevoke Road, 8929268615"
20,Darjeeling,"Kamal Enterprise (Reliance), Bidhan Nagar, 99711877791 / 9832055678","Baldev Hotel, Bidhan Nagar, 9064572053","Beekay Auto, Matigara, 8929268011"
21,Darjeeling,"Pine Farm Service Station, Bidhan Nagar, 9434046997","Sri Ramkrishna Line Hotel, Fulbari, 9933878705","OSL Automotive Pvt Ltd, Sevoke Road, 9800003400"
22,Darjeeling,"Prakash Service Station, Bidhan Nagar, 9233423515",,"Khokon Motor Works Pvt Ltd, Matigara, 7407245959 / 7407091500"
23,Darjeeling,"Bidhan Service Station, Jagannathpur Bidhan Nagar, 8942818943",,"Allied Autowheels Siliguri Pvt Ltd, 2nd Mile Sevoke Road, 7797488831"
24,Darjeeling,"Fillco Pump, Bidhan Nagar, 9434874970",,"Topsel Toyota, Matigara, 03532571107"
25,Darjeeling,"Siddhi Vinayak, Bidhan Nagar, 9932923924",,"Lexican Motors, Matigara, 9830802612"
26,Darjeeling,"Ram Fueling, Eastern Bypass Dabgram, Sahudangi, 9434222584",,"Koushal Hyundai, Matigara, 8170081708"
27,Darjeeling,"Roy Kisan Seva Kendra, Eastern Bypass Dabgram, 9679278556",,"Berlia Hyundai, Sevoke Road, 9093021000"
28,Darjeeling,"Siliguri Service Center (BP), Tinbatti More, 9434057991",,"Shree Force, Darjeeling More (Near Siliguri Gate), 9593941333"
29,Darjeeling,"More Service Center (HP), Tinbatti More, 9434021122",,"Topsel Trucking, Fulbari, 9735913205"
30,Darjeeling,"Kawakhali Fuel Center, Near Medical College, 9434839042",,"Gateway Ford Pvt Ltd, Gosaipur, 03536552686"
31,Darjeeling,"M/S Swastik Fuel, Ranidanga, 9007206519",,"Impression Honda, 3rd Mile Sevoke Road, 8657588904"
32,Darjeeling,"Phasidewa Filling Station (Essar Oil), Phasidewa, 9800644997",,
33,Darjeeling,"Tirupati Service Station, Gosaipur (Near Ford Showroom), 03532551652",,
34,Darjeeling,"Terai Fuels, Medical More, Kadamtala, 9434049406",,
35,Darjeeling,"Ganapati Square Fuel Center, Khaprail More, Patharghata, 9733078399",,
36,Darjeeling,"Hill View Fuels, Sukna, 943401513",,
37,Darjeeling,"Free Kick Venture Pvt Ltd, Champasari, 9681054799",,
38,Darjeeling,"Sarda Auto Care, Mallaguri, 9800258888",,
39,Darjeeling,"Joy Service Station, 3 Mile Sevoke Road, 9832095981 / 9064885477",,
40,Darjeeling,"Sona Petrol Pump, Salugara, 03532590841 / 9474390332",,
41,Darjeeling,"Sagar Service Station, Near PCM Bus Stand, 9434308057 / 03532542664",,
42,Darjeeling,"Five Star Service Station, Hill Cart Road, 9434047942",,
43,Darjeeling,"Fulbari Petrol Pump, Fulbari, 9832300906",,
1,S24,Reliance Pump at Khariberia,DEBUR HOTEL Sultanpur Diamond Harbour Ph 9933002030,BHANDARY WORKSHOP Sultanpur Diamond Harbour Ph 9073384910
2,S24,Reliance Pump at Razarhat,LOKNATH HINDU HOTEL New Madhabpur Nagendrabazar Diamond Harbour Ph 9434026064 / 9563957817,Hira Auto Centre Lalpool Diamond Harbour Ph 9434566357
3,S24,HP Pump at USTHI,GHARANA HOTEL Down Town Diamond Harbour Ph 8972191516,Jharna Tyre and Service 76 Bus Stand Diamond Harbour Ph 9474155820
4,S24,HP Pump at Dostipur,Mahamaya Hotel & Restaurant near bus stand Kakdwip West Bengal 743347 Ph 9043950288,Bimala Engineering Workshop Machine workshop Kakdwip West Bengal
5,S24,HP Pump at DH(BATA),Hotel Shivam Food Court Kakdwip West Bengal 743347 Ph 9126369426,Radhagovinda Engineering Workshop Kakdwip West Bengal
6,S24,HP Pump at Kulpi,Hotel Boishaki Bus Stand Kakdwip SD 19 743347 Ph 9932683344,HABIB SERVICE CENTRE Castrol Bikepoint Kakdweep Rath Tola Samsan Ghat Kakdwip West Bengal 743347 Ph 09932634092
7,S24,HP Pump at Natuna Rasta,,Shah Honda Ashirvad Rathtala Kakdwip 24 Parganas South West Bengal 743347 Ph 07872854046
8,S24,Reliance pump at Lot 8,,Bipul Garage Kamalganj South 24 Parganas 700103 Ph 9830413750
9,S24,HP Pump at Kakdeep (Near SBI),,Milan/Subhas Khasmallick Baruipur South 24 Parganas Ph 8981430655 / 7003555217
10,S24,HP/IOC/Reliance at Namkhana,,Manna Workshop TATA Prop Dhiman Manna Baruipur South 24 Parganas Ph 8584068296 / 7595055704
11,S24,HP Pump at Kachuberia Ashrammore,,Pailan Body Builders Pailan South 24 Parganas Ph 9748104438
12,S24,Petrol Pump near Rundranagar BDO,,
13,S24,IOC Pump at Kalinagar,M/S Bishnu Oil 147 Diamond Harbour Rd Diamond Harbour Ph 9748409182 / 9749756227,
14,S24,Bata Pump Diamond Harbour Ph 8159948117,,
15,S24,HP Pump Roychak Diamond Harbour Ph 9433209314,,
16,S24,HP Pump Gangaramur Bishnupur Diamond Harbour Ph 9830116364,,
17,S24,HP Petrol Pump Kakdwip West Bengal Ph 09732545854,,
18,S24,,,
19,S24,GHOSH SERVICE CENTER Indian Oil Kakdwip West Bengal Ph 09531581967,,
20,S24,Swami Vivekananda Grampanchayet Petrol Pump Kakdwip West Bengal,,
21,S24,PFT MOBILE POINTE Petrol Pump Kakdwip West Bengal,,
22,S24,Sumon Petrol Pump Akshyanagar West Bengal,,
23,S24,KAKDWIP OIL CENTRE (IOC) Petrol Pump Kakdwip West Bengal,,
24,S24,Reliance Pump Kalinagar West Bengal,,
25,S24,JASH SERVICE STATION Akshyanagar West Bengal,,
26,S24,Indian Oil Gas Station Petrol Pump Kasinagar West Bengal,,
27,S24,HP Petrol Pump Kolkata West Bengal Ph 09339905600,,
28,S24,Baruipur Oil Station Ukilpara Rd Railgate Baruipur Ph 789082733,,
29,S24,Saha Pump Near 218 Bus Stand Baruipur South 24 Parganas Ph 9903000124,,
30,S24,Sundarban Service Station Canning South 24 Parganas Ph 9434500527,,
31,S24,Bharat Petrol Pump Canning Basanti Rd Kathalberia South 24 Parganas 743329 Ph 9732520105,,
32,S24,Tridev Service Station Pailan South 24 Parganas Ph 8240388651 / 9433014831,,
33,S24,K C Paul Service Station Budge Budge South 24 Parganas Ph 9681244927,,
34,S24,Auto Car Service Station Budge Budge South 24 Parganas Ph 9831849070 / 9874141746,,
35,S24,Budge Budge Service Station Budge Budge South 24 Parganas Ph 9143297448,,
36,S24,Radha Rani Petrol Pump Budge Budge South 24 Parganas Ph 9674136792,,
37,S24,Om Auto Petrol Pump Budge Budge South 24 Parganas Ph 8336927945,,
38,S24,P M Enterprise Budge Budge South 24 Parganas Ph 9051095159,,
39,S24,Suparna Filling Station Maheshtala South 24 Parganas Ph 9433034907,,
40,S24,Tarun Service Station Amtala South 24 Parganas Ph 9830292308,,
41,S24,Rintu Service Station Amtala South 24 Parganas Ph 9437126613,,
42,S24,Sampark Pump Amtala South 24 Parganas Ph 9330330530,,
43,S24,Khariberia Reliance Pump Khariberia Amtala South 24 Parganas Ph 9525403235,,
44,S24,Rahul Service Station Khariberia Amtala South 24 Parganas Ph 9748465651,,
1,Jalpaiguri,"Fulbari Petrol Pump, Fulbari, 9832300906","Jwala Hotel, Telipara","Nanu Garage, LRP More"
2,Jalpaiguri,"Roy & Cousin, NH17 Near Mal Fire Station, 03562255074","Taleb Hotel, Vemtia","Subanna Garage, Dhupguri"
3,Jalpaiguri,"Jalpaiguri Service Station, Patkata, 9733022000","Pankha Hotel, Jhajangi","Sankar Garage, Jhajangi"
4,Jalpaiguri,"Sarkar Service, DVC Rd, 9434004911","BBS Dhaba, Gosala More","Champu Garage, Balapara"
5,Jalpaiguri,"Jay Maa Di Service, Jalpaiguri Highway, 9817600492","Kallan Dhaba, Sariam","Sarkar Automobile, Kortowa"
6,Jalpaiguri,"Nandi Automobiles, Haldibari More, 9475896024","Lama Hotel, Oldabari","Santosh Garage, near Army Camp"
7,Jalpaiguri,,Pathasathi at Lataguri,"Dulal Garage, Nagrakata High Rd"
8,Jalpaiguri,,Pathasathi at Chalsa,"Jalpaiguri Recovery Van Service, Jalpaiguri Highway, 9734962816"
9,Jalpaiguri,,"Hotel Swagat, Line Hotel More","Santos Garage, Maynaguri Bypass, 9434491474"
10,Jalpaiguri,,"Kali Dhaba, Paharpur, 7001028658",
11,Jalpaiguri,,"Soho Hotel, Maynaguri Bypass",
12,Jalpaiguri,,"Sainik Dhaba, Dhupguri, 9735956920",
13,Jalpaiguri,,"Highway Dhaba, Dhupguri",
1,Paschim Medinipur,Nundy Brothers Chandrakona Rd 9635608944,Sikandar Singh NH6 9002521919,Bhandari Auto Kharagpur NH6 9800041944
2,Paschim Medinipur,Ideal Filling Station Battala Chok 0322265783,Sukhinder Singh 9434320191,Paraj Motors 7479044766
3,Paschim Medinipur,Ayantika Oil Daspur 9434243372,,Bhandari Auto Kharagpur NH6 9732549889
4,Paschim Medinipur,Indra Automobile Indra Kharagpur 03222225743,,Madan Body Garage NH6 9932049503
5,Paschim Medinipur,Swadeshi Highway Centre Jakpur 9604919873,,Ghanna Body Garage NH6 9332973434
6,Paschim Medinipur,Mahamaya Fuel Station Bhadutala 9474027816,,
7,Paschim Medinipur,Ashoka Service Station Salboni 03227285221,,
8,Paschim Medinipur,Parul Service Station Hosnabad 9932741736,,
9,Paschim Medinipur,Deshbandhu Service Station Indra Kharagpur 03222225632,,
10,Paschim Medinipur,Belda Filling Station 9434105020,,
11,Paschim Medinipur,National Highway Filling Station 9434320094,,
1,Purba Medinipur,Shree Krishna Filling Station NH116B Thakurnagar 9730957081,Punaji Dhaba Babalichak 8967792958,Biswakarma Auto Care Balisai Tamralip Cont 9002768000
2,Purba Medinipur,Kalinga Auto Service Station NH116B Kolaghat 9434008113,Hotel Highway Kasupara NH41 9933808864,Mahindra Star India Agencies Haldiya Purba Medinipur 9731253008
3,Purba Medinipur,Hera Fuel NH116B Durgapur 9472006735,Jony Hotel Near Nandakumar 8583961409,Prerna Motors Mahalia Tamralip Cont 9436563222
4,Purba Medinipur,Bhagwati Machine SKUS Fuel Pump NH116B Contai Bypass 9327629657,Sundry Restaurant Kasupara NH41 9732193097,Amanat Auto Care NH6 Radharam Purba Medinipur 9002368907
5,Purba Medinipur,Contai Fuel NH116B Contai Bypass 9731505944,Hotel Sunday Kasupara NH41 9738097765,Satyam Auto Electric Barahaiya Kolaghat Purba Medinipur
6,Purba Medinipur,Contai Oil Station NH116B Contai Central Bus Stand 9932741736,Royal Dhaba Babalichak 9732506572,Ramananda Body Garage Mahalia Purba Medinipur
7,Purba Medinipur,MS Debu Petrol Pump NH116B Contai 9432139785,Shree Radha Hotel Near Nandakumar Contai 9153357990,Manna Garage Kolaghat NH41 Purba Medinipur
8,Purba Medinipur,Prince Fuel Centre Digha Orissa Border 9733458000,Express Food Plaza NH41 Kolaghat Purba Medinipur 7407744462,Munir Rahaman Garage NH41 Ramnagar Tamralip Purba Medinipur 9002713455
9,Purba Medinipur,Civic House Nandakumar Contai 9434516500,Driver Inn Restaurant NH41 Kolaghat Purba Medinipur 8370951071,
10,Purba Medinipur,Maa Annapurna Automobile NH116B Nandakumar 9734386454,Shri Bishnu Hotel & Restaurant NH41 Panisra Purba Medinipur,
11,Purba Medinipur,New Tituman Hotel Contai Rupnarayan Bypass 8001754033,Satyamayan Restaurant Panisra Purba Medinipur,
12,Purba Medinipur,Sandhya Resort Contai Rupnarayan Bypass NH41,SN Hotel Panisra Purba Medinipur 9931508609,
13,Purba Medinipur,Manu Hotel Padmapukur Contai,Sandipa Hotel NH41 Kolaghat Purba Medinipur 9802833511,
14,Purba Medinipur,KEPS Restaurant Central Bus Stand Contai,DPUR Hotel NH41 Tamralip Purba Medinipur 9733603642,
15,Purba Medinipur,Nikita Restaurant Central Bus Stand Contai,Sathi Hotel NH41 Purba Medinipur Contai 7047272777,
16,Purba Medinipur,Haldia Traders Company NH41 Haldia Dock Purba Medinipur 9862477131,Shree Bengal Restaurant NH41 Kolaghat Purba Medinipur 9002196937,
17,Purba Medinipur,Indian Oil Petrol Pump Ramnagar Nandakumar Purba Medinipur 9434369085,Star India NH41 Ramnagar Purba Medinipur 9153503099,
18,Purba Medinipur,Maa Basantamma Filling Station Haldia Dock Purba Medinipur,Hotel Royal Landmark NH41 Kolaghat Purba Medinipur 9987930426,
19,Purba Medinipur,Satyamayan Service Station Kolaghat Purba Medinipur 0322825681,,
20,Purba Medinipur,Gitanjali Filling Station Nandakumar Dock Kolaghat Purba Medinipur 9474759297,,
21,Purba Medinipur,Bhowmik Krishi Seva Kendra Dhankhal Panchkura Tamralip Purba Medinipur 9083505858,,
22,Purba Medinipur,Tara Maa Fuel Station Mahisadal Haldia Road Purba Medinipur 9434386184,,
23,Purba Medinipur,Bharat Petroleum Petrol Pump Naupala Mecheda Tamralip Purba Medinipur 8672174121,,
24,Purba Medinipur,Emergency Fuel Station Ayapara Mecheda Purba Medinipur 8672134214,,
25,Purba Medinipur,Nandakumar IOC Petrol Pump Mahisadal Mecheda Purba Medinipur 9732427610,,
26,Purba Medinipur,Indian Oil Petrol Pump Near Mahisadal Tamralip Mecheda Purba Medinipur 7002157043,,
27,Purba Medinipur,Potara Filling Point Jagannathpur Mahisadal Purba Medinipur,,
28,Purba Medinipur,,,
29,Purba Medinipur,,,
1,Kalimpong,"Ratiram Banshilal Petrol Pump, 10th mile, Kalimpong, Ph-no 9832047800","Hotel Priyanka, Gayel Kholan, NH-10, Kalimpong, Ph-no 8116592937","Mani Garage, Rely road, Kalimpong, Ph-no 7679350707 (Tika ram)"
2,Kalimpong,"Tashi Service Station, 8th mile, Kalimpong, Ph-no 9434106749","Hotel Maha Magg, Lohapul, NH-10, Kalimpong, Ph-no 9932343710","Mukul Garage, Testa Bazar, NH-10, Kalimpong, Ph-no 9800487893"
3,Kalimpong,"Biswa Kiran Fuel Pump, 6th mile, Kalimpong, Ph-no 7029027467","Hotel Rajendra Gurung, Tarkhola, NH-10, Kalimpong, Ph-no 7318723799","Yogesh Fitter, 4th mile, Kalimpong, Ph-no 6294384586"
4,Kalimpong,"Suntali Fuel Pump, Lohapul, NH-10, Kalimpong, Ph-no 9933922837","Shayog Dhaba, Garubathan, Kalimpong, Ph-no 7719267214",
1,Bankura,"M/S Santima Filling Station, Bhedua Mob-9475167241; M/S Jit Filling Station, Sankarhati Mob-9800111779; M/S Standard Automobiles, Gobinda Nagar Mob-9732012797; M/S Balabux Kanahaiyalal Petrol Pump, Bankura Mob-9434013665; Rambhagat Hariogopal Bima More Mob-9748666555; Rambhagat Rani Prasad, Machantala; Lalji Raja & Sons, Dhaldanga Mob-9732524442","Joy Maa Kali Hindu Hotel, Belbani Chaurasta Bankura Mob-9732703370; Hindusthan Hotel & Restaurant, Pranbandhu, Bankura Mob-7860464950; Rajupr Hotel & Dhaba, Kadamaghati, Bankura; Ghosh Hotel, Makurgram Mob-9806700000; Shyama Hotel & Dhaba, Machantala; Hotel United & Family Restaurant, Kamala, Near Phaldanga","Tyre Repairing Makurgram, Bankura 629407554"
2,Bankura,"Saltora Station, Saltora Mob-9800994144; Jyoti Filling Station, Saltora Mob-9434588655; Maa Shakti Fuel Station, Saltora Mob-9547862680",Krishna Pal Hindu Hotel Palbra Ph-7001777791; Kartik Hotel Saltora Ph-9732023474,
3,Bankura,Loknathbaba Fuel Centre; Sevak Fuel Centre Mob-9933903262,"Laxmishree Hotel, Kanchanpur, G. Ghat Bankura Road 743088650",
4,Bankura,"Hirrigar Service, Belatore Mob-9434016179; Bagari Service Station Raharboni Barjora Durgapur Road Mob-9733409114",Tripti Hotel Mob-9732289108 / 9434243396,"Panagarh Engineering Works, Barjora Mob-8927447407"
5,Bankura,"Mataji Fuel Centre, Barabarkacha Mob-9474631999; M/S Durga Oil Filling Station Mob-03242-270012; Maa Basuli Service Station Ghoramuli Mob-9046967195","Maa Tara Hindu Hotel, Bhedra More NH60 Mob-8509659630; Tara Maa Dhaba, Saluni petrol pump Bankura–Saltora road; Basudeb Hotel Barbra near Mataji Fuel centre Bankura–Chhatna Pitch","Attach Garage with Hotel; Goutam Daria Garage Saluni petrol pump; Sahidul Ansary, Upardihi More near Kalampur petrol pump; Tyre garage Barabarkar near Mataji Fuel centre; Netaji Fuel center Bankura–Chhatna"
6,Bankura,"Mallibhum Service Centre, Khamarbera Mob-9434227056; Tanisha Filling Station Kaliseni Mob-9434000484",Pathil Bandhu Hotel Mob-8617033505 / 9434626341; Hotel Maa Chandi Bhadulsole Mob-8001207460; Hotel Himalaya & Restaurant Bhadulsole near Kaliseni,Susanta Karmakar 9732873994
8,Bankura,Samaswati Auto Centre Meja Mob-9474671115; Maa Tara Fuel Centre Tewary danga Mob-943246448,Swapan Kr Chowdhury 9732219531,Nil
9,Bankura,Anjali Fueling Station Kankrasele Mob-9474188373; Sony Service Station Chhatna Mob-9732188709,Souvik Hotel (03242-259932) Raipur,Pintu Garage (8670875109) Raipur
10,Bankura,Madhuri Filling Station Uttar Kamalpur Indpur Mob-9475687243; Sunxprabha Filling Station Mob-7872775412,Piya Hindu Hotel Ph-8170039335 Gobindpur; Dayamayi Hindu Hotel Gobindpur Ph-9970969651; Maa Khatyani Kali Hindu Hotel NH60 Chhagram Mob-8116462116,Garage Bhola at Bangla Mob-9732056837; Gurupada Garage Mob-9800536768
11,Bankura,Mandal Fuel Station Sarenga Mob-9933700455; Maa Annapurna Filling Station Mob-9434028716,Swapnil Hotel Bishnupur bypass 8759073995; Pintu Line Hotel Bakadoba 8436109223; Mahanta hotel on NH60 6295588483; Mansa Hotel on SH-02 875791663; Maa Tara Hotel on NH60 9564834265,Gour Karmakar at Sonamukhi Bypass; Nandi garage at untabri bypass 977520894
12,Bankura,Simlapal Filling Station Mob-9474188928 / 9434586506,Dudhapukur Maa Tara Hotel,Mallik Engineering Bishnupur Bypass Mob-9434160301; Joydeb Karmakar Pranab Hazra (9800516770)
13,Bankura,Unique Fuel Shidbanga More Mob-9749495906; Utsab Filling Station Panchmura Mob-700124893; Maa Vaishno Devi Fuel Taldanga Mob-9967583204,Mato Maa Hindu Hotel 9732191024,Dharmaraj Auto Centre 9732120994
14,Bankura,Soren Filling Station Khatra Mob-9434526091; Aditya Filling Station Khatra Mob-9641900132; Rambhagat Hariprasad Khatra Mob-8697738928,Tara Maa Hindu Hotel Shas More 629485205,Majumder Auto Mobiles Netaji More 9474018824
15,Bankura,Nigamananda Automobile Mob-7407609669; Jalan Petrol Pump Bishnupur Mob-9434003058; Rita Filling Station Bishnupur Mob-9474189852; Maa Saradamoni Filling Station Bamunri More Mob-9434110605,Raghu Paramanik Mob-9002997273 / 6294111281,Pir Baba Garage Mob-9547833346
16,Bankura,M/S Sita Filling Station,,
17,Bankura,Damodar Filling Centre Kankradanga Mob-9475982911; Hamida Fueling Centre Dukibandha Mob-9434392005,,
18,Bankura,M/S Baba Loknath Service Station Mob-981596596,,
19,Bankura,Dwivedi Filling Station Gopalganj Mob-9732673423; Nirupama Filling Station Khundanga Mob-9434204251; Panchanan Filling Station Sarsdi Mob-9434509966,Nil,
20,Bankura,Sarita Filling Station Sonamukhi Mob-933208690; Gita Filling Station Ratap P.S Sonamukhi Mob-9064793733 / 9434362394,,
1,Uttar Dinajpur,"LOKNATH FUEL, ITAHAR, 9434052728","HOTEL HINDUSTHAN, BANGER NATIONAL PARKING, ITAHAR","MATIUR RAHAMAN (7001915829 / 9679706646), AMRITA MOTOR WORKS CENTRE"
2,Uttar Dinajpur,"M/S K.C. MITRA, RAIGANJ, 8250182799","HOTEL GANDHER, RAIGANJ (NAGAR), 8945950010","AMAR GARAGE, NEAR EMBASSY HOTEL RAIGANJ, 9933547394"
3,Uttar Dinajpur,"M/S MS FUEL PETROL PUMP, PATHNOR (DOMONA), 8759557286","DILIP AUTOMOBILES, PATHNOR (DOMONA), 9800900560",
4,Uttar Dinajpur,"M/S PANISHAL PETROLIUM, BARODUARI NH-34, 8918761506",,
5,Uttar Dinajpur,"M/S PANISHAL PETROLIUM, BARODUARI NH-34, 8918761506","BANGALI DHABA, SRI KRISHNAPUR, ISLAMPUR, 8250861363",
6,Uttar Dinajpur,"SIHOTIA SERVICE STATION, ISLAMPUR, 3526255058","BIHARI DHABA, ALIGANJ ISLAMPUR, 7602627680",
7,Uttar Dinajpur,"MAA BASANTI SERVICE CENTRE, ISLAMPUR, 9434055098 / 9434045901","DINESH HOTEL, DHANTOLA, ISLAMPUR, 8972029245",
8,Uttar Dinajpur,"BABA RAMDEV, ALIGANJ, ISLAMPUR, 9832430434","MAHDI HOTEL, KALIBARI, PANJIPARA, 9002540963",
9,Uttar Dinajpur,"MAA DURGA PUMP, DHANTOLA, ISLAMPUR, 8759404573","RAM SINGH DHABA, KALIBARI, PANJIPARA, 9932677536",
10,Uttar Dinajpur,,"MADHU HOTEL, COLLEGE MORE, ISLAMPUR, 9933668802",
